City_ID,City,Lat,Lng,Max Temp,Humidity,Cloudiness,Wind Speed,Country,Date
0,ushuaia,-54.8,-68.3,8.81,61,40,4.63,AR,1708309900
1,port-aux-francais,-49.35,70.2167,4.69,79,79,7.99,TF,1708309944
2,ola,59.5833,151.2833,-20.48,65,99,2.23,RU,1708309946
3,san fernando de apure,7.8878,-67.4724,28.6,42,63,2.25,VE,1708309947
4,margaret river,-33.95,115.0667,27.36,42,100,4.0,AU,1708309947
5,sao felix do xingu,-6.6447,-51.995,23.39,98,100,0.58,BR,1708309948
6,satsuma,30.8532,-88.0561,9.01,59,43,1.9,US,1708309949
7,hawaiian paradise park,19.5933,-154.9731,21.04,80,100,4.63,US,1708309951
8,bengkulu,-3.8004,102.2655,28.31,74,91,1.52,ID,1708309601
9,port mathurin,-19.6833,63.4167,26.53,69,54,5.81,MU,1708309952
10,awjilah,29.1081,21.2869,11.97,57,0,3.2,LY,1708309955
11,tiksi,71.6872,128.8694,-36.65,96,48,3.26,RU,1708309956
12,stanley,54.868,-1.6985,9.04,85,20,3.09,GB,1708309957
13,aberdeen,57.1437,-2.0981,7.27,81,96,2.06,GB,1708309960
14,west island,-12.1568,96.8225,30.99,66,15,3.09,CC,1708309962
15,malango,-2.9627,119.9001,28.6,63,41,1.45,ID,1708309963
16,gadzhiyevo,69.2551,33.3362,-6.15,88,88,9.69,RU,1708309964
17,college,64.8569,-147.8028,-7.74,64,75,0.0,US,1708309965
18,adamstown,-25.066,-130.1015,24.92,76,100,3.28,PN,1708309939
19,nikolayevsk-on-amure,53.1406,140.73,-18.04,91,100,2.31,RU,1708309703
20,puerto baquerizo moreno,-0.9,-89.6,26.4,86,100,4.13,EC,1708309968
21,kalulushi,-12.8378,28.0919,17.75,97,96,1.1,ZM,1708309969
22,portland,45.5234,-122.6762,8.58,82,75,3.6,US,1708309970
23,tonning,54.3167,8.95,6.11,94,100,8.32,DE,1708309972
24,lobujya,27.95,86.8167,-8.71,45,46,1.67,NP,1708309973
25,fort mcmurray,56.7268,-111.381,-7.27,62,0,3.6,CA,1708309974
26,waitangi,-43.9535,-176.5597,19.9,85,11,12.14,NZ,1708309975
27,edinburgh of the seven seas,-37.0676,-12.3116,14.65,59,86,9.08,SH,1708309976
28,kruszwica,52.6756,18.3313,5.62,74,100,5.79,PL,1708309977
29,newman,37.3138,-121.0208,18.13,77,93,5.81,US,1708309978
30,tejen,37.3834,60.5054,-1.13,74,98,4.53,TM,1708309979
31,santa maria de cayon,43.3079,-3.8756,13.47,100,100,2.57,ES,1708309981
32,bethel,41.3712,-73.414,0.92,62,7,4.97,US,1708309982
33,roccella ionica,38.322,16.4009,12.1,80,65,4.34,IT,1708309983
34,papatowai,-46.5619,169.4708,12.78,72,15,10.53,NZ,1708309986
35,hadibu,12.65,54.0333,23.0,64,6,3.26,YE,1708309987
36,badger,64.8,-147.5333,-7.79,70,75,0.0,US,1708309983
37,ribeira grande,38.5167,-28.7,17.65,89,5,4.02,PT,1708309989
38,susuman,62.7833,148.1667,-29.45,87,100,1.34,RU,1708309897
39,puerto natales,-51.7236,-72.4875,11.42,89,100,1.86,CL,1708309991
40,buta,2.7858,24.73,21.32,94,100,0.49,CD,1708309992
41,mossel bay,-34.1831,22.146,16.96,88,30,3.74,ZA,1708309994
42,tangalle,6.024,80.7911,26.09,71,14,7.49,LK,1708309995
43,colonia,50.9333,6.95,9.42,86,75,7.2,DE,1708309805
44,davydovka,51.1578,39.4292,-7.37,93,43,3.83,RU,1708309997
45,kasane,-17.8167,25.15,24.56,40,18,5.69,BW,1708309999
46,lihue,21.9789,-159.3672,25.58,54,20,9.26,US,1708310000
47,dalandzadgad,43.5708,104.425,-12.99,18,72,2.22,MN,1708310001
48,papao,-17.75,-149.55,30.82,78,100,6.34,PF,1708310003
49,longyearbyen,78.2186,15.6401,-12.09,61,40,9.26,SJ,1708310004
50,lompoc,34.6391,-120.4579,14.88,96,100,7.2,US,1708310005
51,holualoa,19.6228,-155.9522,25.91,72,20,9.26,US,1708310006
52,wailua homesteads,22.0669,-159.378,25.24,55,20,9.26,US,1708310008
53,bredasdorp,-34.5322,20.0403,17.52,90,19,3.76,ZA,1708310010
54,ust-nera,64.5667,143.2,-29.22,93,100,1.15,RU,1708310010
55,talnakh,69.4865,88.3972,-19.89,85,100,7.92,RU,1708310011
56,bel ombre,-4.6167,55.4167,28.91,79,75,8.23,SC,1708310012
57,san patricio,28.017,-97.5169,11.05,54,0,2.07,US,1708310014
58,hammerfest,70.6634,23.6821,0.25,80,75,5.14,NO,1708310015
59,yellowknife,62.456,-114.3525,-19.71,71,75,2.57,CA,1708310016
60,benghazi,32.1167,20.0667,13.63,72,12,2.76,LY,1708309965
61,yaren,-0.5472,166.916,28.96,77,52,3.79,NR,1708310001
62,port elizabeth,-33.918,25.5701,20.17,90,0,4.63,ZA,1708309809
63,kangding,30.0513,101.9603,13.08,28,1,1.67,CN,1708309983
64,lorengau,-2.0226,147.2712,28.9,81,88,4.59,PG,1708310021
65,ulsteinvik,62.3432,5.8487,4.31,66,90,4.02,NO,1708310022
66,fale old settlement,-9.3852,-171.2468,28.43,81,99,5.78,TK,1708310023
67,belabo,4.9333,13.3,20.99,43,100,0.96,CM,1708310024
68,grytviken,-54.2811,-36.5092,3.58,88,98,6.66,GS,1708310025
69,huarmey,-10.0681,-78.1522,24.74,78,100,2.65,PE,1708310026
70,damaturu,11.747,11.9608,20.75,15,15,3.32,NG,1708310027
71,jamestown,42.097,-79.2353,-0.23,72,99,5.36,US,1708309835
72,burang,30.25,81.1667,-5.11,90,100,3.89,CN,1708310029
73,srivardhan,18.0333,73.0167,24.74,58,29,1.39,IN,1708310030
74,kapuskasing,49.4169,-82.4331,-16.95,71,40,5.14,CA,1708310031
75,puerto ayora,-0.7393,-90.3518,24.75,100,100,2.24,EC,1708310032
76,asubulaq,49.5583,83.0558,-27.4,99,92,1.3,KZ,1708310033
77,udachny,66.4167,112.4,-17.96,94,100,7.15,RU,1708310034
78,parnu,58.3859,24.4971,-2.95,93,75,2.06,EE,1708310035
79,punta arenas,-53.15,-70.9167,12.06,76,20,3.09,CL,1708309846
80,iqaluit,63.7506,-68.5145,-33.15,68,20,11.83,CA,1708309754
81,invercargill,-46.4,168.35,13.34,75,37,11.18,NZ,1708310006
82,kunming,25.0389,102.7183,12.96,38,0,5.0,CN,1708309872
83,fort bragg,35.139,-79.006,6.01,55,0,2.57,US,1708310040
84,kingston,17.997,-76.7936,27.53,76,20,7.2,JM,1708309759
85,anton,8.4,-80.2667,28.08,85,100,5.08,PA,1708310042
86,bardai,11.65,7.2333,19.91,16,75,3.8,NG,1708310043
87,port lincoln,-34.7333,135.8667,24.56,54,95,4.33,AU,1708310045
88,anadyr,64.75,177.4833,-10.72,72,20,20.0,RU,1708310046
89,keflavik,64.0049,-22.5624,4.24,93,75,3.09,IS,1708310047
90,rennertshofen,48.75,11.0667,8.49,87,75,5.66,DE,1708310048
91,dunedin,-45.8742,170.5036,17.3,57,85,5.96,NZ,1708309991
92,ghanzi,-21.5667,21.7833,21.11,68,10,3.59,BW,1708310050
93,st. john's,47.5649,-52.7093,-5.12,88,75,13.38,CA,1708310001
94,prince george,53.9166,-122.753,-2.64,76,100,0.0,CA,1708310046
95,port saint john's,-31.6229,29.5448,20.89,89,52,2.97,ZA,1708310053
96,ilulissat,69.2167,-51.1,-9.99,92,75,2.57,GL,1708310054
97,sisimiut,66.9395,-53.6735,-13.91,93,100,2.95,GL,1708310056
98,djambala,-2.5447,14.7533,20.82,93,100,2.07,CG,1708310057
99,albany,42.6001,-73.9662,-0.23,56,85,0.45,US,1708310058
100,tamale,9.4008,-0.8393,28.77,16,4,2.52,GH,1708310060
101,mermoz boabab,14.7065,-17.4758,23.31,83,0,3.09,SN,1708310061
102,kuanda,56.3161,116.0806,-31.87,92,85,1.49,RU,1708310062
103,alofi,-19.0595,-169.9187,28.94,70,100,10.29,NU,1708309866
104,adam,22.3756,57.5233,20.1,32,40,4.86,OM,1708310064
105,walvis bay,-22.9575,14.5053,15.75,91,0,1.34,NA,1708310065
106,aasiaat,68.7098,-52.8699,-15.61,95,93,2.76,GL,1708310067
107,malvan,16.0667,73.4667,24.77,61,77,2.49,IN,1708310068
108,uturoa,-16.7333,-151.4333,28.4,77,100,4.64,PF,1708310069
109,hamilton,39.1834,-84.5333,1.47,68,0,3.6,US,1708310071
110,nar'yan-mar,67.6713,53.087,-12.16,94,100,5.81,RU,1708309875
111,fortuna,40.5982,-124.1573,10.52,94,75,4.63,US,1708310073
112,dickinson,29.4608,-95.0513,10.06,72,0,2.06,US,1708310074
113,acapulco de juarez,16.8634,-99.8901,26.9,54,0,1.54,MX,1708309776
114,gemena,3.25,19.7667,20.85,86,100,1.03,CD,1708310077
115,olonkinbyen,70.9221,-8.7187,0.11,96,98,4.36,SJ,1708310078
116,bamboo flat,11.7,92.7167,29.05,54,100,3.6,IN,1708310079
117,manokwari,-0.8667,134.0833,26.98,83,100,1.52,ID,1708310081
118,georgetown,5.4112,100.3354,29.97,79,20,2.06,MY,1708309952
119,zalingei,12.9096,23.4741,20.66,19,52,2.58,SD,1708310083
120,enewetak,11.3474,162.3373,26.44,72,97,6.61,MH,1708310084
121,south venice,27.0531,-82.4243,15.02,97,100,5.66,US,1708310085
122,port alfred,-33.5906,26.891,21.33,87,15,6.76,ZA,1708310085
123,plastun,44.7561,136.2939,3.42,76,88,2.27,RU,1708310087
124,kenai,60.5544,-151.2583,4.05,69,100,6.17,US,1708310088
125,vuktyl,63.8567,57.3094,-10.5,92,100,8.05,RU,1708310089
126,touros,-5.1989,-35.4608,27.04,85,88,3.85,BR,1708310091
127,avarua,-21.2078,-159.775,27.03,65,75,6.69,CK,1708310092
128,batar,46.7,21.8167,1.32,72,41,1.27,RO,1708310093
129,afaahiti,-17.75,-149.2833,29.93,78,100,5.59,PF,1708310094
130,slave lake,55.2834,-114.769,-6.01,49,0,0.0,CA,1708310096
131,sechura,-5.5569,-80.8222,27.25,72,95,5.17,PE,1708310084
132,enriquillo,17.9,-71.2333,24.53,87,13,4.66,DO,1708310098
133,glace bay,46.1969,-59.957,-6.59,68,20,8.23,CA,1708310099
134,blackmans bay,-43.0167,147.3167,18.07,68,91,4.29,AU,1708310100
135,tidjikja,18.5564,-11.4271,22.16,19,0,8.94,MR,1708310101
136,kharp,66.8014,65.8081,-13.8,98,100,2.26,RU,1708310102
137,magadan,59.5667,150.8,-20.82,63,100,1.49,RU,1708309888
138,limon,10.0,-83.0333,26.14,87,100,1.63,CR,1708309963
139,mezhdurechenskiy,59.6,65.9333,-13.54,81,5,5.36,RU,1708310105
140,whitehorse,60.7161,-135.0538,-2.57,64,75,6.71,CA,1708310106
141,hithadhoo,-0.6,73.0833,28.64,80,98,5.74,MV,1708310107
142,halifax,44.6453,-63.5724,-2.1,82,100,0.89,CA,1708310070
143,carnarvon,-24.8667,113.6333,34.6,42,59,2.47,AU,1708310110
144,melekeok village,7.4957,134.6367,30.31,70,75,7.2,PW,1708310111
145,klyuchi,52.2667,79.1667,-26.5,97,11,2.6,RU,1708310112
146,kodiak,57.79,-152.4072,4.73,93,100,1.54,US,1708310113
147,zheleznogorsk-ilimskiy,56.5768,104.1217,-30.26,99,100,1.67,RU,1708309955
148,akureyri,65.6835,-18.0878,-0.04,93,0,1.03,IS,1708309953
149,codrington,-38.2667,141.9667,21.18,54,77,6.14,AU,1708310117
150,guarapuava,-25.3953,-51.4581,15.67,95,9,1.43,BR,1708310118
151,orcopampa,-15.2661,-72.3417,7.92,96,100,0.63,PE,1708310119
152,saint-pierre,-21.3393,55.4781,24.82,69,20,6.69,RE,1708310121
153,koniecpol,50.7747,19.689,0.33,79,100,4.2,PL,1708310122
154,mahina,-17.5065,-149.489,30.87,70,75,3.6,PF,1708310123
155,natal,-5.795,-35.2094,28.36,89,75,3.09,BR,1708310124
156,thompson,55.7435,-97.8558,-22.91,77,40,1.54,CA,1708310126
157,petropavlovsk-kamchatsky,53.0452,158.6483,-5.67,60,0,4.47,RU,1708309859
158,spas-demensk,54.4122,34.0226,-15.74,100,96,1.86,RU,1708310128
159,churapcha,62.0025,132.4325,-31.16,88,100,2.63,RU,1708310129
160,bilibino,68.0546,166.4372,-22.44,80,44,1.94,RU,1708310130
161,wangqing,43.3218,129.7634,-1.11,84,100,4.01,CN,1708310131
162,labytnangi,66.6572,66.4183,-10.05,94,100,6.59,RU,1708309834
163,qaqortoq,60.7167,-46.0333,-3.68,77,100,3.21,GL,1708310134
164,saint-joseph,-21.3667,55.6167,24.21,80,86,6.39,RE,1708310136
165,port-vila,-17.7338,168.3219,29.78,79,75,4.12,VU,1708310137
166,crane,31.3974,-102.3501,8.88,39,0,6.19,US,1708310138
167,al bawiti,28.3492,28.8659,10.67,85,0,3.2,EG,1708309990
168,al majaridah,19.1236,41.9111,22.49,82,40,0.72,SA,1708310140
169,kuta,-8.7233,115.1723,30.97,70,20,2.24,ID,1708310022
170,kayangel,8.0823,134.7173,27.54,80,100,7.37,PW,1708310142
171,shortandy,51.7006,70.9994,-32.7,100,45,2.5,KZ,1708310143
172,darovskoy,58.77,47.9564,-10.58,96,100,1.92,RU,1708310144
173,nemuro,43.3236,145.575,3.32,90,96,8.21,JP,1708310145
174,laojunmiao,39.8333,97.7333,-6.58,50,67,2.04,CN,1708310146
175,antofagasta,-23.65,-70.4,20.6,84,85,0.86,CL,1708310147
176,new norfolk,-42.7826,147.0587,18.72,43,59,2.46,AU,1708310148
177,seybaplaya,19.65,-90.6667,20.7,75,84,6.67,MX,1708310149
178,queenstown,-31.8976,26.8753,11.62,95,34,1.02,ZA,1708310150
179,west bay,19.3667,-81.4167,26.04,74,75,3.6,KY,1708310151
180,port isabel,26.0734,-97.2086,9.47,71,0,2.57,US,1708310152
181,valparaiso,-33.0393,-71.6273,16.8,88,20,3.09,CL,1708310153
182,polyarnyy,69.1989,33.4478,-5.89,88,96,9.34,RU,1708310154
183,nova sintra,14.8667,-24.7167,20.75,78,0,8.82,CV,1708310155
184,vernon,50.2581,-119.2691,1.2,69,57,0.51,CA,1708310156
185,bazarnyye mataki,54.8833,49.9333,-7.77,93,100,9.83,RU,1708310157
186,arkhangel'sk,64.5401,40.5433,-5.94,85,75,7.0,RU,1708310158
187,sinabang,2.4803,96.3801,27.37,79,100,1.46,ID,1708310159
188,pereslavl'-zalesskiy,56.7393,38.8563,-10.9,98,98,3.19,RU,1708310162
189,monster,52.0258,4.175,9.43,93,100,3.58,NL,1708310163
190,karratha,-20.7377,116.8463,41.42,18,2,4.9,AU,1708310165
191,cidreira,-30.1811,-50.2056,23.6,85,21,5.4,BR,1708310166
192,anton lizardo,19.05,-95.9833,18.45,72,100,6.51,MX,1708310167
193,abilene,32.4487,-99.7331,7.16,55,0,3.6,US,1708309869
194,tazovsky,67.4667,78.7,-17.11,84,100,11.28,RU,1708310169
195,isafjordur,66.0755,-23.124,3.54,85,100,2.07,IS,1708310171
196,buritis,-15.6178,-46.4233,22.36,87,100,1.77,BR,1708310172
197,qaryat suluq,31.6682,20.2521,11.22,77,16,2.5,LY,1708310173
198,laguna,38.421,-121.4238,17.41,65,75,11.83,US,1708310174
199,imeni morozova,59.9757,31.0376,-9.98,98,55,2.03,RU,1708310175
200,bowen,-20.0167,148.2333,30.02,65,100,7.39,AU,1708310177
201,vanimo,-2.6741,141.3028,28.75,80,85,2.61,PG,1708310178
202,sarupathar,26.1984,93.8094,22.18,43,55,0.6,IN,1708310179
203,quatre cocos,-20.2078,57.7625,26.16,70,98,7.34,MU,1708310180
204,fauske,67.2588,15.3918,-4.98,90,37,3.14,NO,1708310181
205,eraan,9.0629,117.7016,30.81,63,61,2.4,PH,1708310183
206,rongelap,11.1635,166.8941,26.46,81,97,6.54,MH,1708310184
207,tofol,5.3248,163.0078,28.88,79,75,5.14,FM,1708310185
208,canutama,-6.5339,-64.3831,24.28,99,100,0.7,BR,1708310186
209,paredon,16.0333,-93.8667,22.77,64,2,10.16,MX,1708310187
210,cabo san lucas,22.8909,-109.9124,24.17,35,0,2.06,MX,1708310188
211,novyy urgal,51.0736,132.5642,-13.46,65,34,2.47,RU,1708310174
212,ammon,43.4696,-111.9666,-0.01,95,100,3.67,US,1708310191
213,bac lieu,9.285,105.7244,29.11,65,7,6.56,VN,1708309971
214,atafu village,-8.5421,-172.5159,28.86,80,90,5.86,TK,1708310193
215,nuuk,64.1835,-51.7216,-0.66,100,100,4.12,GL,1708310194
216,lospalos,-8.5186,127.0025,29.64,63,47,5.55,TL,1708310195
217,acarau,-2.8856,-40.12,26.14,86,97,3.33,BR,1708310062
218,san antonio de pale,-1.4014,5.6325,28.49,77,84,1.87,GQ,1708310197
219,fort morgan,40.2503,-103.8,5.36,48,75,5.14,US,1708310198
220,khvalynsk,52.4906,48.1058,-6.23,94,100,7.27,RU,1708310199
221,prince rupert,54.3161,-130.3201,7.05,76,100,2.06,CA,1708310202
222,vorgashor,67.5833,63.95,-11.04,92,100,8.4,RU,1708309966
223,kidal,18.4411,1.4078,19.14,27,58,6.3,ML,1708310204
224,gizo,-8.103,156.8419,29.51,72,31,4.92,SB,1708310206
225,tsiombe,-25.3,45.4833,22.49,90,20,5.23,MG,1708310207
226,nadi,-17.8,177.4167,30.0,79,75,2.06,FJ,1708310129
227,el granada,37.5027,-122.4694,16.57,90,100,11.32,US,1708310209
228,pisco,-13.7,-76.2167,24.45,78,0,7.2,PE,1708310210
229,pawayan,28.0667,80.1,17.14,38,96,3.42,IN,1708310211
230,biryusinsk,55.9634,97.8235,-28.18,95,57,0.46,RU,1708310213
231,burutu,5.3509,5.5076,27.15,86,10,1.66,NG,1708310214
232,razole,16.4833,81.8333,26.89,59,61,1.02,IN,1708310215
233,hami,42.8,93.45,-8.13,21,100,1.56,CN,1708309990
234,qamdo,31.1667,97.2333,-3.21,37,5,3.39,CN,1708310217
235,kerikeri,-35.2268,173.9474,22.85,62,90,3.33,NZ,1708310156
236,deqen,29.9618,90.7188,2.89,29,59,2.76,CN,1708310219
237,yemetsk,63.4721,41.7941,-9.81,95,90,2.67,RU,1708310220
238,iskateley,67.6803,53.1512,-12.21,94,100,5.81,RU,1708310222
239,lower sackville,44.7733,-63.6885,-2.58,80,100,3.6,CA,1708310223
240,upington,-28.4478,21.2561,21.21,14,0,1.54,ZA,1708310216
241,ta`u,-14.2336,-169.5144,28.43,83,100,9.32,AS,1708310225
242,garoowe,8.4054,48.4845,19.48,87,8,4.87,SO,1708309975
243,aykhal,66.0,111.5,-20.07,96,100,5.92,RU,1708309992
244,loango,-4.6719,11.8312,25.65,88,100,0.54,CG,1708310228
245,daru,-9.0763,143.2092,30.28,70,92,2.75,PG,1708310230
246,bonthe,7.5264,-12.505,26.44,91,72,1.41,SL,1708310231
247,tura,25.5198,90.2201,23.15,25,7,0.6,IN,1708310232
248,tinghir,31.5157,-5.5343,8.13,65,0,0.52,MA,1708310233
249,vadso,70.0744,29.7487,-2.91,86,100,8.75,NO,1708310234
250,la ronge,55.1001,-105.2842,-15.86,60,0,4.12,CA,1708310235
251,sandnessjoen,66.0217,12.6316,-9.71,81,89,6.03,NO,1708310236
252,bozeman,45.6796,-111.0386,2.68,91,100,1.54,US,1708310237
253,goondiwindi,-28.55,150.3167,30.79,40,100,1.75,AU,1708310238
254,hauterive,46.0901,3.4459,9.31,96,100,1.25,FR,1708310239
255,mount gambier,-37.8333,140.7667,25.14,40,21,4.56,AU,1708309995
256,galle,6.0367,80.217,23.73,82,72,3.03,LK,1708309484
257,sayat,38.7839,63.8803,-4.07,24,73,4.59,TM,1708310242
258,old town,50.087,14.4202,8.82,92,100,8.23,CZ,1708310029
259,terme,41.2092,36.9739,7.96,85,100,3.66,TR,1708310245
260,ploneour-lanvern,47.9,-4.2833,10.18,87,100,4.63,FR,1708310245
261,la cruz,23.9167,-106.9,19.19,67,0,1.89,MX,1708310246
262,tucuma,-0.1833,-50.05,25.14,87,47,3.49,BR,1708310248
263,weno,7.4515,151.8468,30.97,62,40,6.17,FM,1708310249
264,javea,38.7833,0.1667,13.25,82,98,0.45,ES,1708310251
265,havre,49.5833,0.3333,11.22,100,100,4.12,FR,1708310252
266,broome,42.2506,-75.833,-0.93,70,100,5.66,US,1708310253
267,haiku-pauwela,20.9219,-156.3051,21.81,67,18,5.36,US,1708310254
268,saint-philippe,-21.3585,55.7679,24.77,82,97,6.34,RE,1708310255
269,priozersk,61.0393,30.1291,-9.47,54,49,3.0,RU,1708310256
270,ippy,6.2679,21.2247,23.73,27,85,0.77,CF,1708310172
271,egilsstadir,65.2653,-14.3948,-2.05,100,0,2.57,IS,1708310258
272,kayyerkan,69.3786,87.7439,-19.84,76,100,10.49,RU,1708310259
273,gordonvale,-17.0936,145.7842,32.75,75,100,3.07,AU,1708310260
274,bambanglipuro,-7.95,110.2833,30.62,68,55,1.2,ID,1708310261
275,gagliano del capo,39.8442,18.3695,11.68,82,100,4.63,IT,1708310262
276,howard springs,-12.497,131.047,33.32,77,88,5.31,AU,1708310263
277,sinop,41.7711,34.8709,2.22,97,100,1.59,TR,1708310175
278,guilin,25.2819,110.2864,25.06,80,89,1.2,CN,1708310266
279,verkhnevilyuysk,63.4453,120.3167,-25.73,92,100,3.61,RU,1708310267
280,east london,-33.0153,27.9116,20.24,91,29,4.31,ZA,1708310268
281,ginir,7.1333,40.7,16.08,49,94,1.77,ET,1708310269
282,caldwell,43.6629,-116.6874,5.73,90,40,1.54,US,1708310058
283,maceio,-9.6658,-35.7353,26.69,100,75,1.03,BR,1708310272
284,remire-montjoly,4.9167,-52.2667,26.02,89,75,2.57,GF,1708310273
285,kavieng,-2.5744,150.7967,28.07,82,96,6.14,PG,1708310273
286,chonchi,-42.6128,-73.8092,15.62,78,0,1.67,CL,1708310277
287,makurazaki,31.2667,130.3167,18.42,91,100,9.22,JP,1708310088
288,sikasso,10.9167,-7.0,24.77,12,2,2.55,ML,1708310278
289,meulaboh,4.1363,96.1285,25.68,91,99,1.75,ID,1708310280
290,champerico,14.3,-91.9167,27.01,73,99,2.37,GT,1708310283
291,san pedro pochutla,15.7333,-96.4667,26.84,78,22,2.05,MX,1708310284
292,gamba,-2.65,10.0,26.39,84,84,1.35,GA,1708310285
293,lulea,65.5842,22.1547,-18.96,84,59,1.54,SE,1708310286
294,kununurra,-15.7667,128.7333,32.99,66,40,5.66,AU,1708310288
295,mabaruma,8.2,-59.7833,22.66,95,47,1.31,GY,1708310288
296,celestun,20.8667,-90.4,21.34,72,75,6.62,MX,1708310289
297,muana,-1.5283,-49.2167,24.24,96,98,2.44,BR,1708310290
298,fukuecho,32.6881,128.8419,19.2,94,75,7.2,JP,1708310202
299,prince albert,53.2001,-105.7677,-12.03,72,20,5.14,CA,1708310210
300,santa isabel,-23.3156,-46.2214,19.61,98,88,1.09,BR,1708310008
301,khandyga,62.6667,135.6,-31.78,90,100,1.0,RU,1708310294
302,biltine,14.5333,20.9167,21.49,16,99,5.19,TD,1708310295
303,villaguay,-31.8653,-59.0269,23.1,71,46,3.42,AR,1708310296
304,chulakkurgan,43.765,69.1814,-10.76,47,100,5.73,KZ,1708310297
305,constantia,44.1833,28.65,3.38,74,87,3.73,RO,1708310298
306,glendive,47.1053,-104.7125,-1.21,74,0,2.06,US,1708310300
307,rawai,7.7797,98.3253,30.06,75,20,5.06,TH,1708310301
308,san rafael,-34.6177,-68.3301,24.93,50,0,2.25,AR,1708310302
309,san felipe,10.3399,-68.7425,21.18,92,6,0.98,VE,1708310303
310,puerto yuca,2.9383,-73.2083,26.66,72,61,0.88,CO,1708310304
311,yongchuan,29.3514,105.8947,18.63,55,0,1.56,CN,1708310305
312,dalhart,36.0595,-102.5133,4.01,60,0,2.57,US,1708310306
313,gebeit,21.0667,36.3167,12.21,79,55,2.19,SD,1708310307
314,kilju,40.9642,129.3278,5.25,93,100,3.01,KP,1708310308
315,pudasjarvi,65.3833,26.9167,-14.3,100,100,1.22,FI,1708310310
316,flying fish cove,-10.4217,105.6791,28.82,69,9,3.09,CX,1708310311
317,la passe,45.5549,-0.8967,12.13,85,100,3.77,FR,1708310312
318,trenggalek,-8.05,111.7167,32.78,64,61,0.89,ID,1708310313
319,carutapera,-1.195,-46.02,25.32,93,89,4.01,BR,1708310314
320,rantepao,-2.9701,119.8978,28.62,63,41,1.44,ID,1708310121
321,isiolo,0.3546,37.5822,22.35,53,73,1.7,KE,1708310185
322,namibe,-15.1961,12.1522,26.39,76,100,2.88,AO,1708310317
323,lichinga,-13.3128,35.2406,18.05,88,40,4.63,MZ,1708310318
324,ancud,-41.8697,-73.8203,13.18,75,7,1.08,CL,1708310320
325,naze,28.3667,129.4833,20.51,79,83,7.1,JP,1708310139
326,chul'man,56.8479,124.9104,-30.39,90,100,3.32,RU,1708310322
327,hailar,49.2,119.7,-23.81,92,100,6.66,CN,1708310323
328,wajir,1.7471,40.0573,25.54,73,95,5.08,KE,1708310185
329,utrik,11.2278,169.8474,26.7,81,100,4.41,MH,1708310325
330,port douglas,-16.4833,145.4667,28.73,73,100,3.48,AU,1708310326
331,beloyarskiy,63.7119,66.6722,-11.1,90,100,5.71,RU,1708310327
332,vilyuchinsk,52.9306,158.4028,-3.85,62,48,2.99,RU,1708310328
333,guerrero negro,27.9769,-114.0611,15.7,73,95,6.13,MX,1708310329
334,sa'dah,16.9402,43.7639,13.87,59,19,1.21,YE,1708310330
335,chibougamau,49.9168,-74.3659,-16.21,85,100,1.03,CA,1708310331
336,beyneu,45.3167,55.2,-8.63,53,2,3.97,KZ,1708310332
337,cuxhaven,53.8718,8.6909,6.11,93,75,7.2,DE,1708310335
338,smithers,54.7804,-127.1743,1.18,69,100,0.0,CA,1708310336
339,tazacorte,28.629,-17.9293,21.54,33,100,4.12,ES,1708310337
340,omdurman,15.6445,32.4777,19.98,17,18,6.71,SD,1708310338
341,kirakira,-10.4544,161.9205,29.58,79,38,3.72,SB,1708310191
342,horta,38.5333,-28.6333,17.23,89,12,4.02,PT,1708310340
343,margate,51.3813,1.3862,9.27,86,6,1.79,GB,1708310087
344,joshimath,30.5667,79.5667,9.43,72,100,0.81,IN,1708310342
345,long beach,33.767,-118.1892,17.6,80,100,3.09,US,1708310145
346,colchani,-20.3,-66.9333,13.48,64,97,2.09,BO,1708310344
347,karachi,24.9056,67.0822,22.9,88,75,5.66,PK,1708310250
348,berkane,34.9084,-2.3461,13.82,87,7,0.59,MA,1708310346
349,lebu,-37.6167,-73.65,13.85,87,0,7.65,CL,1708310076
350,pirot,43.1531,22.5861,6.1,99,63,0.42,RS,1708310349
351,yamada,39.4667,141.95,14.01,73,72,6.53,JP,1708310281
352,ketchikan,55.3422,-131.6461,7.26,70,100,2.06,US,1708310352
353,bogande,12.9714,-0.1436,22.75,13,35,4.42,BF,1708310353
354,argo,37.6333,22.7333,8.21,75,1,1.15,GR,1708310354
355,tobruk,32.0836,23.9764,14.22,70,0,6.35,LY,1708310355
356,mogocha,53.7333,119.7667,-21.54,72,47,1.64,RU,1708310357
357,makueni boma,-1.8041,37.6203,19.14,71,99,0.36,KE,1708310358
358,chifeng,42.2683,118.9636,-7.96,22,100,8.91,CN,1708310359
359,tulun,54.5611,100.5792,-28.72,95,68,1.5,RU,1708310360
360,vila franca do campo,37.7167,-25.4333,18.27,99,100,2.95,PT,1708310362
361,petauke,-14.2426,31.3253,19.6,67,14,3.09,ZM,1708310362
362,chervyen',53.7059,28.4313,-7.83,69,67,1.47,BY,1708310364
363,la manga del mar menor,37.6413,-0.7165,11.9,92,0,2.57,ES,1708310365
364,nova vicosa,-17.8919,-39.3719,24.74,92,99,4.07,BR,1708310367
365,dudinka,69.4058,86.1778,-19.66,91,100,12.07,RU,1708310316
366,arraial do cabo,-22.9661,-42.0278,24.73,87,92,3.17,BR,1708310369
367,idah,7.1065,6.7342,27.26,75,9,1.85,NG,1708310288
368,palikir - national government center,6.9248,158.1611,30.47,70,75,5.14,FM,1708310371
369,mugia,43.1041,-9.2179,14.39,93,44,5.49,ES,1708310373
370,sinan,34.8262,126.1086,12.06,100,100,4.79,KR,1708310375
371,yuzhno-kurilsk,44.0306,145.8556,4.1,69,69,6.77,RU,1708310376
372,dindori,22.95,81.0833,23.61,33,11,2.42,IN,1708310377
373,yarkovo,57.4028,67.0786,-19.72,91,7,3.95,RU,1708310380
374,swakopmund,-22.6833,14.5333,16.03,90,1,1.31,NA,1708310253
375,kill devil hills,36.0307,-75.676,6.66,57,0,2.57,US,1708310383
376,rincon,32.296,-81.2354,7.14,79,75,1.54,US,1708310385
377,namsos,64.4662,11.4957,-6.97,86,82,6.17,NO,1708310386
378,mutuali,-14.8706,37.0044,18.74,93,63,1.06,MZ,1708310285
379,oranjemund,-28.55,16.4333,15.74,93,0,1.11,NA,1708310388
380,galliano,29.4422,-90.2992,7.78,60,1,3.09,US,1708310389
381,qaisumah,28.3112,46.1273,10.98,71,0,2.06,SA,1708310390
382,kapit,2.0167,112.9333,27.69,84,100,0.33,MY,1708310091
383,nguruka,-5.1092,31.0419,19.65,94,100,1.14,TZ,1708310300
384,hurricane,37.1753,-113.2899,13.61,57,0,0.45,US,1708310394
385,tolanaro,-25.0319,46.9987,24.04,88,20,4.12,MG,1708310395
386,ormara,25.2088,64.6357,23.33,79,86,7.13,PK,1708310396
387,pumiao,22.75,108.4833,21.22,72,98,4.52,CN,1708310397
388,greymouth,-42.4667,171.2,16.63,92,98,6.36,NZ,1708310189
389,vallenar,-28.5708,-70.7581,17.55,70,35,1.64,CL,1708310399
390,gangolli,13.65,74.6667,26.66,63,79,1.66,IN,1708310400
391,pulandian,39.3953,121.9669,-4.45,52,100,12.54,CN,1708310300
392,ilhabela,-23.7781,-45.3581,23.66,90,24,1.5,BR,1708310402
393,angaur state,6.906,134.13,27.54,80,97,8.12,PW,1708310404
394,bethanie,-26.4833,17.15,23.94,24,0,2.47,NA,1708310405
395,pochep,52.9336,33.4464,-6.4,95,7,2.28,RU,1708310406
396,byron bay,-28.65,153.6167,27.06,65,87,2.89,AU,1708310407
397,cafayate,-26.073,-65.9761,20.13,93,100,2.41,AR,1708310388
398,fonte boa,-2.4959,-66.2662,25.09,80,18,1.28,BR,1708310409
399,cooma,-36.2333,149.1333,25.46,34,100,2.31,AU,1708310410
400,nizhneudinsk,54.9076,99.0276,-25.62,89,18,0.85,RU,1708310411
401,kolpny,52.2282,37.0368,-12.99,97,53,3.03,RU,1708310412
402,alice springs,-23.7,133.8833,35.75,30,40,6.17,AU,1708310414
403,finspang,58.7058,15.7674,1.29,98,100,2.78,SE,1708310415
404,axim,4.8699,-2.2405,26.85,89,79,2.57,GH,1708310204
405,la asuncion,11.0333,-63.8628,26.85,83,6,8.75,VE,1708310417
406,handewitt,54.7645,9.3153,5.92,94,100,8.75,DE,1708310418
407,luderitz,-26.6481,15.1594,16.56,78,0,3.65,NA,1708310410
408,emerald,-23.5333,148.1667,30.75,46,100,5.65,AU,1708310179
409,george town,5.4112,100.3354,29.97,79,20,2.06,MY,1708309952
410,prado,-17.3411,-39.2208,24.57,94,100,3.91,BR,1708310422
411,tralee,52.2704,-9.7026,9.92,89,100,5.53,IE,1708310423
412,usogorsk,63.4106,48.6872,-10.74,96,100,2.93,RU,1708310425
413,trinity beach,-16.7888,145.6968,32.81,65,75,4.63,AU,1708310426
414,petrozavodsk,61.7849,34.3469,-11.3,92,25,3.0,RU,1708310427
415,cronulla,-34.05,151.15,24.07,84,75,4.12,AU,1708310161
416,kone,-21.0595,164.8658,29.5,60,37,3.69,NC,1708310429
417,thunder bay,48.4001,-89.3168,-11.01,56,0,0.51,CA,1708309788
418,lubang,13.8584,120.124,26.79,76,95,9.59,PH,1708310431
419,kalmunai,7.4167,81.8167,26.53,79,100,3.47,LK,1708310432
420,egersund,58.4513,5.9997,5.77,99,100,1.16,NO,1708310433
421,port alberni,49.2413,-124.8028,7.74,82,100,2.24,CA,1708310434
422,kapa'a,22.0752,-159.319,25.99,55,20,9.26,US,1708310436
423,korla,41.7597,86.1469,-6.16,37,100,3.45,CN,1708310438
424,agnibilekrou,7.1344,-3.2047,25.19,80,92,1.55,CI,1708310279
425,priargunsk,50.3691,119.1012,-20.86,83,98,2.73,RU,1708310375
426,susanville,40.4163,-120.653,7.91,61,75,1.54,US,1708310442
427,puerto san jose,13.9256,-90.8244,26.58,68,89,2.04,GT,1708310443
428,martinsville,36.6915,-79.8725,3.79,47,0,0.0,US,1708310444
429,nadym,65.5333,72.5167,-16.31,90,100,10.86,RU,1708310196
430,puerto rico,-26.796,-55.024,21.41,81,3,0.98,AR,1708310446
431,mamit,23.9333,92.4833,15.46,67,1,3.09,IN,1708310447
432,ulluaya,42.3738,47.3745,-3.98,84,73,1.26,RU,1708310448
433,sumenep,-7.0167,113.8667,29.96,71,100,2.51,ID,1708310449
434,obo,5.3998,26.4869,22.57,22,97,1.53,CF,1708310451
435,shuangyang,43.5242,125.6736,-7.87,78,100,5.77,CN,1708310451
436,jiagedaqi,50.4167,124.1167,-15.9,58,18,4.25,CN,1708310453
437,puerto aysen,-45.4,-72.7,13.15,82,100,1.2,CL,1708310455
438,machico,32.7,-16.7667,19.28,73,40,7.72,PT,1708310456
439,las tablas,7.7667,-80.2833,26.21,99,79,0.21,PA,1708310457
440,waingapu,-9.6567,120.2641,30.79,68,26,3.27,ID,1708310458
441,barra de santo antonio,-9.4047,-35.5072,26.6,88,100,3.31,BR,1708310459
442,hotan,37.0997,79.9269,-3.4,60,100,0.37,CN,1708310460
443,maxixe,-23.8597,35.3472,25.4,80,80,4.68,MZ,1708310462
444,santo antonio do ica,-3.1022,-67.9397,24.31,98,90,1.25,BR,1708310463
445,belyy yar,53.6039,91.3903,-28.06,76,59,2.0,RU,1708310464
446,hermanus,-34.4187,19.2345,19.33,84,15,5.96,ZA,1708310467
447,vilyuysk,63.7553,121.6247,-26.16,93,100,3.0,RU,1708310468
448,sur,22.5667,59.5289,23.88,63,23,1.14,OM,1708310469
449,glazunovka,52.4986,36.3275,-13.49,99,80,2.69,RU,1708310470
450,odessa,46.4775,30.7326,1.5,73,84,3.41,UA,1708310471
451,laminusa,5.5549,120.9136,27.89,76,46,3.47,PH,1708310472
452,vila velha,-20.3297,-40.2925,25.97,93,75,2.06,BR,1708310442
453,jumla,29.2747,82.1838,9.16,49,100,1.42,NP,1708310476
454,illizi,26.4833,8.4667,13.89,21,3,5.82,DZ,1708310477
455,totness,5.8833,-56.3167,26.45,73,88,5.43,SR,1708310478
456,bandundu,-3.3167,17.3667,22.6,96,100,0.79,CD,1708310479
457,rabaul,-4.1967,152.1721,29.37,76,46,7.04,PG,1708310479
458,praia,14.9215,-23.5087,22.3,78,0,8.75,CV,1708310476
459,severo-yeniseyskiy,60.3725,93.0408,-31.09,97,74,1.33,RU,1708310482
460,salinopolis,-0.6136,-47.3561,26.47,85,90,6.06,BR,1708310483
461,utete,-7.986,38.758,24.19,97,100,0.49,TZ,1708310484
462,port blair,11.6667,92.75,29.02,54,100,3.6,IN,1708310485
463,inyonga,-6.7167,32.0667,19.14,94,100,1.81,TZ,1708310486
464,taoudenni,22.6783,-3.9836,17.67,38,0,5.94,ML,1708310487
465,sola,-13.8833,167.55,28.68,72,16,1.58,VU,1708310488
466,tanabe,33.7333,135.3667,17.56,94,75,7.72,JP,1708310490
467,de aar,-30.6497,24.0123,16.33,62,0,4.15,ZA,1708310491
468,kazerun,29.6195,51.6541,7.75,63,0,0.77,IR,1708310492
469,saipan,15.1355,145.701,28.39,61,75,9.77,MP,1708310493
470,tirumala,13.6833,79.35,16.1,69,94,2.44,IN,1708310205
471,brigantine,39.4101,-74.3646,4.45,63,0,3.6,US,1708310495
472,sabha,27.0377,14.4283,12.27,38,65,4.85,LY,1708310496
473,ujae,8.9322,165.7642,27.2,81,98,7.94,MH,1708310497
474,kavaratti,10.5669,72.642,27.93,74,91,3.12,IN,1708310498
475,santa cruz,-17.8,-63.1667,26.7,89,40,3.6,BO,1708310263
476,tarrafal,15.2833,-23.7667,22.44,80,0,6.94,CV,1708310501
477,suksun,57.1431,57.3949,-10.45,77,98,7.93,RU,1708310503
478,zhangye,38.9342,100.4517,-2.99,33,85,2.1,CN,1708310480
479,geraldton,-28.7667,114.6,46.23,5,60,10.29,AU,1708310505
480,morondava,-20.2833,44.2833,25.56,86,86,4.56,MG,1708310284
481,piacabucu,-10.4056,-36.4344,26.63,88,98,2.82,BR,1708310507
482,ambon,-3.6954,128.1814,31.08,70,40,2.57,ID,1708310508
483,palangkaraya,-2.2,113.8333,29.83,75,61,0.9,ID,1708310268
484,mili,6.0815,171.735,27.48,80,100,7.4,MH,1708310511
485,pangody,65.85,74.4859,-17.43,90,100,11.51,RU,1708310512
486,ibotirama,-12.1853,-43.2206,22.14,88,54,0.73,BR,1708310513
487,bihac,44.8169,15.8708,6.88,85,100,0.56,BA,1708310514
488,timmins,48.4669,-81.3331,-18.1,78,40,3.09,CA,1708310515
489,kotovo,50.3211,44.8012,-4.5,96,100,4.78,RU,1708310516
490,rio grande,-32.035,-52.0986,23.86,87,27,5.96,BR,1708310517
491,vangaindrano,-23.35,47.6,22.58,85,40,1.84,MG,1708310283
492,mount isa,-20.7333,139.5,29.87,66,75,3.6,AU,1708310519
493,lethem,3.3803,-59.7968,27.75,54,18,4.24,GY,1708310520
494,pandan,14.0453,124.1694,28.02,67,26,5.06,PH,1708310521
495,al quwayrah,29.8004,35.3116,8.0,82,6,1.38,JO,1708310523
496,loa janan,-0.583,117.095,32.86,49,16,2.5,ID,1708310524
497,klaksvik,62.2266,-6.589,7.51,97,100,6.42,FO,1708310525
498,gadani,25.1185,66.7299,23.12,85,47,8.42,PK,1708310526
499,balmazujvaros,47.6167,21.35,-1.9,70,56,1.19,HU,1708310527
500,nuevo ideal,24.8875,-105.0728,12.88,36,0,3.39,MX,1708310528
501,loreto,22.2667,-101.9667,14.45,31,0,1.65,MX,1708310529
502,sumqayit,40.5897,49.6686,2.04,62,99,2.51,AZ,1708310530
503,tobelo,1.7284,128.0095,28.5,72,93,2.51,ID,1708310447
504,west richland,46.3043,-119.3614,4.95,85,100,2.57,US,1708310532
505,chaihe,44.7667,129.7,-7.94,76,100,6.51,CN,1708310533
506,lethbridge,49.7,-112.8186,0.54,69,75,6.69,CA,1708310534
507,tres lagoas,-20.7511,-51.6783,21.55,97,96,2.79,BR,1708310535
508,barra dos coqueiros,-10.9089,-37.0386,27.01,94,20,2.06,BR,1708310536
509,huaihua,27.5494,109.9592,20.91,74,47,1.63,CN,1708310449
510,chita,52.0333,113.55,-26.06,47,10,4.0,RU,1708310538
511,rikaze,29.25,88.8833,1.63,42,31,1.62,CN,1708310483
512,bandar lampung,-5.4254,105.258,29.81,69,100,1.58,ID,1708310471
513,kurunegala,7.4863,80.3623,26.01,67,81,1.73,LK,1708310541
514,tomah,43.9786,-90.504,-2.03,68,0,0.0,US,1708310542
515,umea,63.8284,20.2597,-11.16,85,100,1.03,SE,1708310543
516,belp,46.8913,7.4983,9.12,89,100,2.24,CH,1708310545
517,abbeville,50.1,1.8333,10.27,98,37,3.2,FR,1708310546
518,red deer,52.2668,-113.802,-2.73,46,0,0.0,CA,1708310548
519,poza rica de hidalgo,20.5332,-97.4595,14.53,79,100,0.42,MX,1708310549
520,la'ie,21.6477,-157.9253,24.98,54,3,2.68,US,1708310550
521,lamar,33.6668,-95.5836,5.95,63,0,2.06,US,1708310551
522,santa cruz de tenerife,28.4682,-16.2546,22.01,89,40,4.63,ES,1708310552
523,abony,47.1899,20.0048,2.97,89,100,1.03,HU,1708310553
524,tolga,34.7222,5.3785,14.45,56,8,1.22,DZ,1708310554
525,taro,-8.3862,115.28,27.0,61,59,0.32,ID,1708310555
526,ciudad melchor muzquiz,27.8833,-101.5167,12.43,46,34,3.98,MX,1708310545
527,island harbour,50.724,-1.2758,10.17,94,59,0.89,GB,1708310557
528,baardheere,2.3446,42.2764,25.8,75,78,3.58,SO,1708310558
529,la mira,18.035,-102.3266,22.42,80,0,1.29,MX,1708310559
530,katsuura,35.1333,140.3,17.1,69,91,9.76,JP,1708310444
531,kingsville,27.5159,-97.8561,10.23,69,0,3.09,US,1708310562
532,sao gabriel da cachoeira,-0.1303,-67.0892,26.21,79,84,1.45,BR,1708310563
533,cambria,35.5641,-121.0808,15.31,97,100,4.92,US,1708310564
534,bridgewater,44.3835,-64.5155,-2.18,88,100,4.63,CA,1708310565
535,callao,-12.0667,-77.15,27.62,73,40,4.12,PE,1708310472
536,noosa heads,-26.3833,153.15,30.19,66,26,4.21,AU,1708310567
537,yuza,39.0,139.9167,17.03,58,100,4.2,JP,1708310568
538,toccoa,34.5773,-83.3324,5.8,48,0,0.0,US,1708310569
539,manay,7.215,126.5397,28.84,71,40,6.24,PH,1708310570
540,peto,20.1333,-88.9167,18.97,87,73,1.86,MX,1708310571
541,mahibadhoo,3.7833,72.9667,28.3,77,100,5.92,MV,1708310573
542,xining,36.6167,101.7667,-5.27,45,100,0.77,CN,1708310537
543,taquara,-29.6506,-50.7806,24.3,98,5,0.99,BR,1708310575
544,betio village,1.358,172.9211,32.02,83,67,7.88,KI,1708310501
545,barcelos,41.5388,-8.6151,14.95,93,34,1.74,PT,1708310577
546,kailua-kona,19.6406,-155.9956,27.98,69,20,9.26,US,1708310578
547,thurso,58.5927,-3.5259,7.14,85,100,6.8,GB,1708310580
548,nantucket,41.2835,-70.0995,2.08,64,0,4.63,US,1708310581
549,alvorada,-12.48,-49.1247,23.25,92,100,0.7,BR,1708310582
550,alo,7.4178,6.7371,26.53,64,8,1.64,NG,1708310584
551,al ghayzah,16.2079,52.176,22.09,79,9,0.58,YE,1708310585
552,wismar,53.9,11.4667,7.6,97,100,3.58,DE,1708310383
553,bosaso,11.2842,49.1816,22.41,84,7,0.64,SO,1708310297
554,anshun,26.25,105.9333,18.68,36,0,6.92,CN,1708310570
555,kathmandu,27.7167,85.3167,10.12,87,40,1.03,NP,1708310342
556,bage,-31.3314,-54.1069,22.88,94,0,3.09,BR,1708310589
557,faaa,-17.55,-149.6,30.98,70,75,4.12,PF,1708310590
558,fontanelas,38.8472,-9.4372,14.25,90,54,5.07,PT,1708310591
559,roma,43.2128,-75.4557,-0.66,67,100,8.23,US,1708310592
560,novopokrovskaya,45.9514,40.7006,0.2,84,100,1.86,RU,1708310593
561,baruun-urt,46.6806,113.2792,-27.84,84,4,3.87,MN,1708310595
562,kuala sungai baru,2.3594,102.0353,30.02,66,75,3.59,MY,1708310597
563,trinidad,-14.8333,-64.9,26.33,84,100,1.5,BO,1708310598
564,bemidji,47.4736,-94.8803,-4.49,70,0,1.54,US,1708310599
